,city,Areas,neighborhood,estateprice
1,F,Campo di Marte,Firenze - 16 - Le Cure,515
2,F,Campo di Marte,Firenze - 16 - Le Cure,420
3,F,Campo di Marte,Firenze - 16 - Le Cure,170
4,F,Campo di Marte,Firenze - 16 - Le Cure,249
5,F,Campo di Marte,Firenze - 16 - Le Cure,490
6,F,Campo di Marte,Firenze - 16 - Le Cure,350
7,F,Campo di Marte,Firenze - 16 - Le Cure,250
8,F,Campo di Marte,Firenze - 16 - Le Cure,175
9,F,Campo di Marte,Firenze - 16 - Le Cure,155
10,F,Campo di Marte,Firenze - 16 - Le Cure,330
11,F,Campo di Marte,Firenze - 16 - Le Cure,280
12,F,Campo di Marte,Firenze - 16 - Le Cure,360
13,F,Campo di Marte,Firenze - 16 - Le Cure,590
14,F,Campo di Marte,Firenze - 16 - Le Cure,300
15,F,Campo di Marte,Firenze - 16 - Le Cure,280
17,F,Campo di Marte,Firenze - 17 - Collina Nord,940
18,F,Campo di Marte,Firenze - 17 - Collina Nord,780
19,F,Campo di Marte,Firenze - 17 - Collina Nord,485
20,F,Campo di Marte,Firenze - 17 - Collina Nord,470
21,F,Campo di Marte,Firenze - 17 - Collina Nord,600
22,F,Campo di Marte,Firenze - 17 - Collina Nord,650
23,F,Campo di Marte,Firenze - 17 - Collina Nord,398
24,F,Campo di Marte,"Firenze - 18 - Settignano, Coverciano",275
25,F,Campo di Marte,"Firenze - 18 - Settignano, Coverciano",165
26,F,Campo di Marte,"Firenze - 18 - Settignano, Coverciano",258
27,F,Campo di Marte,"Firenze - 18 - Settignano, Coverciano",740
28,F,Campo di Marte,"Firenze - 18 - Settignano, Coverciano",65
29,F,Campo di Marte,"Firenze - 18 - Settignano, Coverciano",495
30,F,Campo di Marte,"Firenze - 18 - Settignano, Coverciano",160
31,F,Campo di Marte,"Firenze - 18 - Settignano, Coverciano",230
32,F,Campo di Marte,"Firenze - 18 - Settignano, Coverciano",250
33,F,Campo di Marte,"Firenze - 18 - Settignano, Coverciano",230
34,F,Campo di Marte,"Firenze - 18 - Settignano, Coverciano",210
35,F,Campo di Marte,"Firenze - 18 - Settignano, Coverciano",279
36,F,Campo di Marte,"Firenze - 18 - Settignano, Coverciano",450
37,F,Campo di Marte,"Firenze - 18 - Settignano, Coverciano",490
38,F,Campo di Marte,"Firenze - 18 - Settignano, Coverciano",250
39,F,Centro Storico,Firenze -  8 - Il Prato,145
40,F,Centro Storico,Firenze -  8 - Il Prato,220
41,F,Centro Storico,Firenze -  8 - Il Prato,105
42,F,Centro Storico,Firenze -  8 - Il Prato,270
43,F,Centro Storico,Firenze -  8 - Il Prato,236
44,F,Centro Storico,Firenze -  8 - Il Prato,98.25
45,F,Centro Storico,Firenze -  8 - Il Prato,290
46,F,Centro Storico,Firenze -  8 - Il Prato,288
47,F,Centro Storico,Firenze -  8 - Il Prato,215
48,F,Centro Storico,Firenze -  8 - Il Prato,265
49,F,Centro Storico,Firenze -  8 - Il Prato,215
50,F,Centro Storico,Firenze -  8 - Il Prato,330
51,F,Centro Storico,Firenze -  8 - Il Prato,179
52,F,Centro Storico,Firenze -  8 - Il Prato,740
53,F,Centro Storico,Firenze -  8 - Il Prato,590
54,F,Centro Storico,"Firenze -  9 - S. Jacopino, La Fortezza",560
55,F,Centro Storico,"Firenze -  9 - S. Jacopino, La Fortezza",328
56,F,Centro Storico,"Firenze -  9 - S. Jacopino, La Fortezza",690
57,F,Centro Storico,"Firenze -  9 - S. Jacopino, La Fortezza",210
58,F,Centro Storico,"Firenze -  9 - S. Jacopino, La Fortezza",170
59,F,Centro Storico,"Firenze -  9 - S. Jacopino, La Fortezza",190
60,F,Centro Storico,"Firenze -  9 - S. Jacopino, La Fortezza",215
61,F,Centro Storico,"Firenze -  9 - S. Jacopino, La Fortezza",350
62,F,Centro Storico,"Firenze -  9 - S. Jacopino, La Fortezza",850
63,F,Centro Storico,"Firenze -  9 - S. Jacopino, La Fortezza",640
65,F,Centro Storico,"Firenze -  9 - S. Jacopino, La Fortezza",220
66,F,Centro Storico,"Firenze -  9 - S. Jacopino, La Fortezza",325
67,F,Centro Storico,"Firenze -  9 - S. Jacopino, La Fortezza",350
68,F,Centro Storico,"Firenze -  9 - S. Jacopino, La Fortezza",439
69,F,Centro Storico,Firenze - 11 - Viali,390
70,F,Centro Storico,Firenze - 11 - Viali,550
71,F,Centro Storico,Firenze - 11 - Viali,760
72,F,Centro Storico,Firenze - 11 - Viali,228
73,F,Centro Storico,Firenze - 11 - Viali,530
74,F,Centro Storico,Firenze - 11 - Viali,550
75,F,Centro Storico,Firenze - 11 - Viali,390
76,F,Centro Storico,Firenze - 11 - Viali,160
77,F,Centro Storico,Firenze - 11 - Viali,279
78,F,Centro Storico,Firenze - 11 - Viali,520
79,F,Centro Storico,Firenze - 11 - Viali,280
80,F,Centro Storico,Firenze - 11 - Viali,320
81,F,Centro Storico,Firenze - 11 - Viali,495
82,F,Centro Storico,Firenze - 11 - Viali,185
83,F,Centro Storico,Firenze - 11 - Viali,390
84,F,Centro Storico,"Firenze - 12 - Duomo, Oltrarno",370
86,F,Centro Storico,"Firenze - 12 - Duomo, Oltrarno",350
87,F,Centro Storico,"Firenze - 12 - Duomo, Oltrarno",390
88,F,Centro Storico,"Firenze - 12 - Duomo, Oltrarno",320
89,F,Centro Storico,"Firenze - 12 - Duomo, Oltrarno",360
91,F,Centro Storico,"Firenze - 12 - Duomo, Oltrarno",880
92,F,Centro Storico,"Firenze - 12 - Duomo, Oltrarno",480
93,F,Centro Storico,"Firenze - 12 - Duomo, Oltrarno",320
95,F,Centro Storico,"Firenze - 12 - Duomo, Oltrarno",390
96,F,Centro Storico,"Firenze - 12 - Duomo, Oltrarno",340
97,F,Centro Storico,"Firenze - 12 - Duomo, Oltrarno",845
98,F,Centro Storico,"Firenze - 12 - Duomo, Oltrarno",395
99,F,Gavinana-Galluzzo,"Firenze -  4 - Cascine, Cintoia, Argingrosso, L'Isolotto",435
100,F,Gavinana-Galluzzo,"Firenze -  4 - Cascine, Cintoia, Argingrosso, L'Isolotto",219
101,F,Gavinana-Galluzzo,"Firenze -  4 - Cascine, Cintoia, Argingrosso, L'Isolotto",230
102,F,Gavinana-Galluzzo,"Firenze -  4 - Cascine, Cintoia, Argingrosso, L'Isolotto",530
103,F,Gavinana-Galluzzo,"Firenze -  4 - Cascine, Cintoia, Argingrosso, L'Isolotto",159
104,F,Gavinana-Galluzzo,"Firenze -  4 - Cascine, Cintoia, Argingrosso, L'Isolotto",880
105,F,Gavinana-Galluzzo,"Firenze -  4 - Cascine, Cintoia, Argingrosso, L'Isolotto",249
106,F,Gavinana-Galluzzo,"Firenze -  4 - Cascine, Cintoia, Argingrosso, L'Isolotto",430
107,F,Gavinana-Galluzzo,"Firenze -  4 - Cascine, Cintoia, Argingrosso, L'Isolotto",600
108,F,Gavinana-Galluzzo,"Firenze -  4 - Cascine, Cintoia, Argingrosso, L'Isolotto",193
109,F,Gavinana-Galluzzo,"Firenze -  4 - Cascine, Cintoia, Argingrosso, L'Isolotto",205
110,F,Gavinana-Galluzzo,"Firenze -  4 - Cascine, Cintoia, Argingrosso, L'Isolotto",187.5
111,F,Gavinana-Galluzzo,"Firenze -  4 - Cascine, Cintoia, Argingrosso, L'Isolotto",220
112,F,Gavinana-Galluzzo,"Firenze -  4 - Cascine, Cintoia, Argingrosso, L'Isolotto",140
113,F,Gavinana-Galluzzo,"Firenze -  4 - Cascine, Cintoia, Argingrosso, L'Isolotto",369
114,F,Gavinana-Galluzzo,"Firenze -  5 - Ugnano, Oltregreve, Mantignano",260
115,F,Gavinana-Galluzzo,"Firenze -  5 - Ugnano, Oltregreve, Mantignano",130
116,F,Gavinana-Galluzzo,"Firenze -  5 - Ugnano, Oltregreve, Mantignano",375
117,F,Gavinana-Galluzzo,"Firenze -  5 - Ugnano, Oltregreve, Mantignano",299
118,F,Gavinana-Galluzzo,"Firenze -  5 - Ugnano, Oltregreve, Mantignano",360
119,F,Gavinana-Galluzzo,"Firenze -  5 - Ugnano, Oltregreve, Mantignano",295
120,F,Gavinana-Galluzzo,"Firenze -  5 - Ugnano, Oltregreve, Mantignano",135
121,F,Gavinana-Galluzzo,"Firenze -  5 - Ugnano, Oltregreve, Mantignano",240
122,F,Gavinana-Galluzzo,"Firenze -  5 - Ugnano, Oltregreve, Mantignano",130
123,F,Gavinana-Galluzzo,"Firenze -  5 - Ugnano, Oltregreve, Mantignano",140
124,F,Gavinana-Galluzzo,"Firenze -  5 - Ugnano, Oltregreve, Mantignano",250
125,F,Gavinana-Galluzzo,"Firenze -  5 - Ugnano, Oltregreve, Mantignano",260
126,F,Gavinana-Galluzzo,"Firenze -  5 - Ugnano, Oltregreve, Mantignano",120
127,F,Gavinana-Galluzzo,"Firenze -  5 - Ugnano, Oltregreve, Mantignano",360
128,F,Gavinana-Galluzzo,"Firenze -  5 - Ugnano, Oltregreve, Mantignano",215
129,F,Gavinana-Galluzzo,"Firenze -  7 - Pisana, Soffiano",260
130,F,Gavinana-Galluzzo,"Firenze -  7 - Pisana, Soffiano",219
131,F,Gavinana-Galluzzo,"Firenze -  7 - Pisana, Soffiano",385
132,F,Gavinana-Galluzzo,"Firenze -  7 - Pisana, Soffiano",205
133,F,Gavinana-Galluzzo,"Firenze -  7 - Pisana, Soffiano",199
134,F,Gavinana-Galluzzo,"Firenze -  7 - Pisana, Soffiano",350
135,F,Gavinana-Galluzzo,"Firenze -  7 - Pisana, Soffiano",298
136,F,Gavinana-Galluzzo,"Firenze -  7 - Pisana, Soffiano",395
137,F,Gavinana-Galluzzo,"Firenze -  7 - Pisana, Soffiano",360
138,F,Gavinana-Galluzzo,"Firenze -  7 - Pisana, Soffiano",270
139,F,Gavinana-Galluzzo,"Firenze -  7 - Pisana, Soffiano",268
140,F,Gavinana-Galluzzo,"Firenze -  7 - Pisana, Soffiano",595
141,F,Gavinana-Galluzzo,"Firenze -  7 - Pisana, Soffiano",370
142,F,Gavinana-Galluzzo,"Firenze -  7 - Pisana, Soffiano",235
143,F,Gavinana-Galluzzo,"Firenze -  7 - Pisana, Soffiano",125
144,F,Isolotto- Legnaia,"Firenze -  6 - Collina sud, Galluzzo, Ponte a Ema",950
145,F,Isolotto- Legnaia,"Firenze -  6 - Collina sud, Galluzzo, Ponte a Ema",900
146,F,Isolotto- Legnaia,"Firenze -  6 - Collina sud, Galluzzo, Ponte a Ema",185
147,F,Isolotto- Legnaia,"Firenze -  6 - Collina sud, Galluzzo, Ponte a Ema",205
148,F,Isolotto- Legnaia,"Firenze -  6 - Collina sud, Galluzzo, Ponte a Ema",160
149,F,Isolotto- Legnaia,"Firenze -  6 - Collina sud, Galluzzo, Ponte a Ema",200
150,F,Isolotto- Legnaia,"Firenze -  6 - Collina sud, Galluzzo, Ponte a Ema",490
151,F,Isolotto- Legnaia,"Firenze -  6 - Collina sud, Galluzzo, Ponte a Ema",190
152,F,Isolotto- Legnaia,"Firenze -  6 - Collina sud, Galluzzo, Ponte a Ema",455
153,F,Isolotto- Legnaia,"Firenze -  6 - Collina sud, Galluzzo, Ponte a Ema",420
154,F,Isolotto- Legnaia,"Firenze -  6 - Collina sud, Galluzzo, Ponte a Ema",450
155,F,Isolotto- Legnaia,"Firenze -  6 - Collina sud, Galluzzo, Ponte a Ema",175
156,F,Isolotto- Legnaia,"Firenze -  6 - Collina sud, Galluzzo, Ponte a Ema",448
157,F,Isolotto- Legnaia,"Firenze -  6 - Collina sud, Galluzzo, Ponte a Ema",235
158,F,Isolotto- Legnaia,"Firenze -  6 - Collina sud, Galluzzo, Ponte a Ema",195
159,F,Isolotto- Legnaia,Firenze - 13 - S.Gaggio,620
160,F,Isolotto- Legnaia,Firenze - 13 - S.Gaggio,430
161,F,Isolotto- Legnaia,Firenze - 13 - S.Gaggio,380
162,F,Isolotto- Legnaia,Firenze - 13 - S.Gaggio,270
163,F,Isolotto- Legnaia,Firenze - 13 - S.Gaggio,190
164,F,Isolotto- Legnaia,Firenze - 13 - S.Gaggio,295
165,F,Isolotto- Legnaia,Firenze - 13 - S.Gaggio,490
166,F,Isolotto- Legnaia,Firenze - 13 - S.Gaggio,499
167,F,Isolotto- Legnaia,Firenze - 13 - S.Gaggio,485
168,F,Isolotto- Legnaia,Firenze - 13 - S.Gaggio,330
169,F,Isolotto- Legnaia,Firenze - 13 - S.Gaggio,285
170,F,Isolotto- Legnaia,Firenze - 13 - S.Gaggio,465
171,F,Isolotto- Legnaia,Firenze - 13 - S.Gaggio,269
172,F,Isolotto- Legnaia,Firenze - 13 - S.Gaggio,530
173,F,Isolotto- Legnaia,Firenze - 13 - S.Gaggio,330
174,F,Isolotto- Legnaia,"Firenze - 14 - Bellariva, Gavinana, La Rondinella, Sorgane",430
175,F,Isolotto- Legnaia,"Firenze - 14 - Bellariva, Gavinana, La Rondinella, Sorgane",670
176,F,Isolotto- Legnaia,"Firenze - 14 - Bellariva, Gavinana, La Rondinella, Sorgane",295
177,F,Isolotto- Legnaia,"Firenze - 14 - Bellariva, Gavinana, La Rondinella, Sorgane",315
178,F,Isolotto- Legnaia,"Firenze - 14 - Bellariva, Gavinana, La Rondinella, Sorgane",360
179,F,Isolotto- Legnaia,"Firenze - 14 - Bellariva, Gavinana, La Rondinella, Sorgane",348
180,F,Isolotto- Legnaia,"Firenze - 14 - Bellariva, Gavinana, La Rondinella, Sorgane",395
181,F,Isolotto- Legnaia,"Firenze - 14 - Bellariva, Gavinana, La Rondinella, Sorgane",219
182,F,Isolotto- Legnaia,"Firenze - 14 - Bellariva, Gavinana, La Rondinella, Sorgane",370
183,F,Isolotto- Legnaia,"Firenze - 14 - Bellariva, Gavinana, La Rondinella, Sorgane",295
184,F,Isolotto- Legnaia,"Firenze - 14 - Bellariva, Gavinana, La Rondinella, Sorgane",295
185,F,Isolotto- Legnaia,"Firenze - 14 - Bellariva, Gavinana, La Rondinella, Sorgane",670
186,F,Isolotto- Legnaia,"Firenze - 14 - Bellariva, Gavinana, La Rondinella, Sorgane",665
187,F,Isolotto- Legnaia,"Firenze - 14 - Bellariva, Gavinana, La Rondinella, Sorgane",550
188,F,Isolotto- Legnaia,"Firenze - 14 - Bellariva, Gavinana, La Rondinella, Sorgane",199
189,F,Rifredi,"Firenze - 10 - Leopoldo, Rifredi",303
190,F,Rifredi,"Firenze - 10 - Leopoldo, Rifredi",580
191,F,Rifredi,"Firenze - 10 - Leopoldo, Rifredi",349
192,F,Rifredi,"Firenze - 10 - Leopoldo, Rifredi",185
193,F,Rifredi,"Firenze - 10 - Leopoldo, Rifredi",255
194,F,Rifredi,"Firenze - 10 - Leopoldo, Rifredi",318
195,F,Rifredi,"Firenze - 10 - Leopoldo, Rifredi",310
196,F,Rifredi,"Firenze - 10 - Leopoldo, Rifredi",248
197,F,Rifredi,"Firenze - 10 - Leopoldo, Rifredi",275
198,F,Rifredi,"Firenze - 10 - Leopoldo, Rifredi",175
199,F,Rifredi,"Firenze - 10 - Leopoldo, Rifredi",290
200,F,Rifredi,"Firenze - 10 - Leopoldo, Rifredi",238
201,F,Rifredi,"Firenze - 10 - Leopoldo, Rifredi",290
202,F,Rifredi,"Firenze - 10 - Leopoldo, Rifredi",283.5
203,F,Rifredi,"Firenze - 10 - Leopoldo, Rifredi",295
204,F,Rifredi,"Firenze -  3 - Il Lippi, Novoli, Barsanti",210
205,F,Rifredi,"Firenze -  3 - Il Lippi, Novoli, Barsanti",240
206,F,Rifredi,"Firenze -  3 - Il Lippi, Novoli, Barsanti",750
207,F,Rifredi,"Firenze -  3 - Il Lippi, Novoli, Barsanti",206
208,F,Rifredi,"Firenze -  3 - Il Lippi, Novoli, Barsanti",210
209,F,Rifredi,"Firenze -  3 - Il Lippi, Novoli, Barsanti",140
210,F,Rifredi,"Firenze -  3 - Il Lippi, Novoli, Barsanti",154
211,F,Rifredi,"Firenze -  3 - Il Lippi, Novoli, Barsanti",318
212,F,Rifredi,"Firenze -  3 - Il Lippi, Novoli, Barsanti",269
213,F,Rifredi,"Firenze -  3 - Il Lippi, Novoli, Barsanti",170
214,F,Rifredi,"Firenze -  3 - Il Lippi, Novoli, Barsanti",240
215,F,Rifredi,"Firenze -  3 - Il Lippi, Novoli, Barsanti",308
216,F,Rifredi,"Firenze -  3 - Il Lippi, Novoli, Barsanti",240
217,F,Rifredi,"Firenze -  3 - Il Lippi, Novoli, Barsanti",215
218,F,Rifredi,"Firenze -  3 - Il Lippi, Novoli, Barsanti",380
219,F,Rifredi,"Firenze -  1 - Castello, Careggi, Le Panche",410
220,F,Rifredi,"Firenze -  1 - Castello, Careggi, Le Panche",265
221,F,Rifredi,"Firenze -  1 - Castello, Careggi, Le Panche",245
222,F,Rifredi,"Firenze -  1 - Castello, Careggi, Le Panche",225
223,F,Rifredi,"Firenze -  1 - Castello, Careggi, Le Panche",280
224,F,Rifredi,"Firenze -  1 - Castello, Careggi, Le Panche",270
225,F,Rifredi,"Firenze -  1 - Castello, Careggi, Le Panche",199
226,F,Rifredi,"Firenze -  1 - Castello, Careggi, Le Panche",390
227,F,Rifredi,"Firenze -  1 - Castello, Careggi, Le Panche",390
228,F,Rifredi,"Firenze -  1 - Castello, Careggi, Le Panche",160
229,F,Rifredi,"Firenze -  1 - Castello, Careggi, Le Panche",155
230,F,Rifredi,"Firenze -  1 - Castello, Careggi, Le Panche",155
231,F,Rifredi,"Firenze -  1 - Castello, Careggi, Le Panche",225
233,F,Rifredi,"Firenze -  1 - Castello, Careggi, Le Panche",165
234,F,Rifredi,"Firenze -  2 - Piana di Castello, Pistoiese",249
235,F,Rifredi,"Firenze -  2 - Piana di Castello, Pistoiese",340
236,F,Rifredi,"Firenze -  2 - Piana di Castello, Pistoiese",255
237,F,Rifredi,"Firenze -  2 - Piana di Castello, Pistoiese",249
238,F,Rifredi,"Firenze -  2 - Piana di Castello, Pistoiese",240
239,F,Rifredi,"Firenze -  2 - Piana di Castello, Pistoiese",145
240,F,Rifredi,"Firenze -  2 - Piana di Castello, Pistoiese",390
241,F,Rifredi,"Firenze -  2 - Piana di Castello, Pistoiese",275
242,F,Rifredi,"Firenze -  2 - Piana di Castello, Pistoiese",75
243,F,Rifredi,"Firenze -  2 - Piana di Castello, Pistoiese",75
244,F,Rifredi,"Firenze -  2 - Piana di Castello, Pistoiese",200
245,F,Rifredi,"Firenze -  2 - Piana di Castello, Pistoiese",160
246,F,Rifredi,"Firenze -  2 - Piana di Castello, Pistoiese",165
247,F,Rifredi,"Firenze -  2 - Piana di Castello, Pistoiese",360
248,F,Rifredi,"Firenze -  2 - Piana di Castello, Pistoiese",195
249,T,"Aurora, Vanchiglia - Sassi - Madonna del Pilone","Torino - 11 - Vanchiglia, Regio Parco",690
250,T,"Aurora, Vanchiglia - Sassi - Madonna del Pilone","Torino - 11 - Vanchiglia, Regio Parco",180
251,T,"Aurora, Vanchiglia - Sassi - Madonna del Pilone","Torino - 11 - Vanchiglia, Regio Parco",89
252,T,"Aurora, Vanchiglia - Sassi - Madonna del Pilone","Torino - 11 - Vanchiglia, Regio Parco",113
253,T,"Aurora, Vanchiglia - Sassi - Madonna del Pilone","Torino - 11 - Vanchiglia, Regio Parco",165
254,T,"Aurora, Vanchiglia - Sassi - Madonna del Pilone","Torino - 11 - Vanchiglia, Regio Parco",139
255,T,"Aurora, Vanchiglia - Sassi - Madonna del Pilone","Torino - 11 - Vanchiglia, Regio Parco",318
256,T,"Aurora, Vanchiglia - Sassi - Madonna del Pilone","Torino - 11 - Vanchiglia, Regio Parco",359
257,T,"Aurora, Vanchiglia - Sassi - Madonna del Pilone","Torino - 11 - Vanchiglia, Regio Parco",318
258,T,"Aurora, Vanchiglia - Sassi - Madonna del Pilone","Torino - 11 - Vanchiglia, Regio Parco",359
259,T,"Aurora, Vanchiglia - Sassi - Madonna del Pilone","Torino - 11 - Vanchiglia, Regio Parco",159
260,T,"Aurora, Vanchiglia - Sassi - Madonna del Pilone","Torino - 11 - Vanchiglia, Regio Parco",129
261,T,"Aurora, Vanchiglia - Sassi - Madonna del Pilone","Torino - 11 - Vanchiglia, Regio Parco",49
262,T,"Aurora, Vanchiglia - Sassi - Madonna del Pilone","Torino - 11 - Vanchiglia, Regio Parco",139
263,T,"Aurora, Vanchiglia - Sassi - Madonna del Pilone","Torino - 11 - Vanchiglia, Regio Parco",189
264,T,"Aurora, Vanchiglia - Sassi - Madonna del Pilone","Torino - 10 - Valdocco, Aurora",100
265,T,"Aurora, Vanchiglia - Sassi - Madonna del Pilone","Torino - 10 - Valdocco, Aurora",319
266,T,"Aurora, Vanchiglia - Sassi - Madonna del Pilone","Torino - 10 - Valdocco, Aurora",105
267,T,"Aurora, Vanchiglia - Sassi - Madonna del Pilone","Torino - 10 - Valdocco, Aurora",125
268,T,"Aurora, Vanchiglia - Sassi - Madonna del Pilone","Torino - 10 - Valdocco, Aurora",47
269,T,"Aurora, Vanchiglia - Sassi - Madonna del Pilone","Torino - 10 - Valdocco, Aurora",64
270,T,"Aurora, Vanchiglia - Sassi - Madonna del Pilone","Torino - 10 - Valdocco, Aurora",65
271,T,"Aurora, Vanchiglia - Sassi - Madonna del Pilone","Torino - 10 - Valdocco, Aurora",25
272,T,"Aurora, Vanchiglia - Sassi - Madonna del Pilone","Torino - 10 - Valdocco, Aurora",33
273,T,"Aurora, Vanchiglia - Sassi - Madonna del Pilone","Torino - 10 - Valdocco, Aurora",295
274,T,"Aurora, Vanchiglia - Sassi - Madonna del Pilone","Torino - 10 - Valdocco, Aurora",139
275,T,"Aurora, Vanchiglia - Sassi - Madonna del Pilone","Torino - 10 - Valdocco, Aurora",89
276,T,"Aurora, Vanchiglia - Sassi - Madonna del Pilone","Torino - 10 - Valdocco, Aurora",34
277,T,"Aurora, Vanchiglia - Sassi - Madonna del Pilone","Torino - 10 - Valdocco, Aurora",79.5
278,T,"Aurora, Vanchiglia - Sassi - Madonna del Pilone","Torino - 10 - Valdocco, Aurora",145
279,T,Barriera di Milano - Regio Parco - Barca - Bertolla - Falchera - Rebaudengo - Villaretto,"Torino - 12 - Barriera Milano, Falchera, Barca-Bertola",69
280,T,Barriera di Milano - Regio Parco - Barca - Bertolla - Falchera - Rebaudengo - Villaretto,"Torino - 12 - Barriera Milano, Falchera, Barca-Bertola",78
281,T,Barriera di Milano - Regio Parco - Barca - Bertolla - Falchera - Rebaudengo - Villaretto,"Torino - 12 - Barriera Milano, Falchera, Barca-Bertola",79
282,T,Barriera di Milano - Regio Parco - Barca - Bertolla - Falchera - Rebaudengo - Villaretto,"Torino - 12 - Barriera Milano, Falchera, Barca-Bertola",39.5
283,T,Barriera di Milano - Regio Parco - Barca - Bertolla - Falchera - Rebaudengo - Villaretto,"Torino - 12 - Barriera Milano, Falchera, Barca-Bertola",79.9
284,T,Barriera di Milano - Regio Parco - Barca - Bertolla - Falchera - Rebaudengo - Villaretto,"Torino - 12 - Barriera Milano, Falchera, Barca-Bertola",49
285,T,Barriera di Milano - Regio Parco - Barca - Bertolla - Falchera - Rebaudengo - Villaretto,"Torino - 12 - Barriera Milano, Falchera, Barca-Bertola",119
286,T,Barriera di Milano - Regio Parco - Barca - Bertolla - Falchera - Rebaudengo - Villaretto,"Torino - 12 - Barriera Milano, Falchera, Barca-Bertola",197
287,T,Barriera di Milano - Regio Parco - Barca - Bertolla - Falchera - Rebaudengo - Villaretto,"Torino - 12 - Barriera Milano, Falchera, Barca-Bertola",49
288,T,Barriera di Milano - Regio Parco - Barca - Bertolla - Falchera - Rebaudengo - Villaretto,"Torino - 12 - Barriera Milano, Falchera, Barca-Bertola",245.25
289,T,Barriera di Milano - Regio Parco - Barca - Bertolla - Falchera - Rebaudengo - Villaretto,"Torino - 12 - Barriera Milano, Falchera, Barca-Bertola",48
290,T,Barriera di Milano - Regio Parco - Barca - Bertolla - Falchera - Rebaudengo - Villaretto,"Torino - 12 - Barriera Milano, Falchera, Barca-Bertola",79.5
291,T,Barriera di Milano - Regio Parco - Barca - Bertolla - Falchera - Rebaudengo - Villaretto,"Torino - 12 - Barriera Milano, Falchera, Barca-Bertola",72
292,T,Barriera di Milano - Regio Parco - Barca - Bertolla - Falchera - Rebaudengo - Villaretto,"Torino - 12 - Barriera Milano, Falchera, Barca-Bertola",89
293,T,Barriera di Milano - Regio Parco - Barca - Bertolla - Falchera - Rebaudengo - Villaretto,"Torino - 12 - Barriera Milano, Falchera, Barca-Bertola",244.8
294,T,Borgo Vittoria - Madonna di Campagna - Lucento - Vallette,"Torino - 13 - Madonna di Campagna, Borgo Vittoria, ...",68
295,T,Borgo Vittoria - Madonna di Campagna - Lucento - Vallette,"Torino - 13 - Madonna di Campagna, Borgo Vittoria, ...",260
296,T,Borgo Vittoria - Madonna di Campagna - Lucento - Vallette,"Torino - 13 - Madonna di Campagna, Borgo Vittoria, ...",109
297,T,Borgo Vittoria - Madonna di Campagna - Lucento - Vallette,"Torino - 13 - Madonna di Campagna, Borgo Vittoria, ...",63
298,T,Borgo Vittoria - Madonna di Campagna - Lucento - Vallette,"Torino - 13 - Madonna di Campagna, Borgo Vittoria, ...",129
299,T,Borgo Vittoria - Madonna di Campagna - Lucento - Vallette,"Torino - 13 - Madonna di Campagna, Borgo Vittoria, ...",146
300,T,Borgo Vittoria - Madonna di Campagna - Lucento - Vallette,"Torino - 13 - Madonna di Campagna, Borgo Vittoria, ...",44
301,T,Borgo Vittoria - Madonna di Campagna - Lucento - Vallette,"Torino - 13 - Madonna di Campagna, Borgo Vittoria, ...",179
302,T,Borgo Vittoria - Madonna di Campagna - Lucento - Vallette,"Torino - 13 - Madonna di Campagna, Borgo Vittoria, ...",39
303,T,Borgo Vittoria - Madonna di Campagna - Lucento - Vallette,"Torino - 13 - Madonna di Campagna, Borgo Vittoria, ...",129
304,T,Borgo Vittoria - Madonna di Campagna - Lucento - Vallette,"Torino - 13 - Madonna di Campagna, Borgo Vittoria, ...",45
305,T,Borgo Vittoria - Madonna di Campagna - Lucento - Vallette,"Torino - 13 - Madonna di Campagna, Borgo Vittoria, ...",39
306,T,Borgo Vittoria - Madonna di Campagna - Lucento - Vallette,"Torino - 13 - Madonna di Campagna, Borgo Vittoria, ...",129
307,T,Borgo Vittoria - Madonna di Campagna - Lucento - Vallette,"Torino - 13 - Madonna di Campagna, Borgo Vittoria, ...",85
308,T,Borgo Vittoria - Madonna di Campagna - Lucento - Vallette,"Torino - 13 - Madonna di Campagna, Borgo Vittoria, ...",129
309,T,Borgo Vittoria - Madonna di Campagna - Lucento - Vallette,"Torino - 14 - Lucento, Vallette",99
310,T,Borgo Vittoria - Madonna di Campagna - Lucento - Vallette,"Torino - 14 - Lucento, Vallette",139
311,T,Borgo Vittoria - Madonna di Campagna - Lucento - Vallette,"Torino - 14 - Lucento, Vallette",175
312,T,Borgo Vittoria - Madonna di Campagna - Lucento - Vallette,"Torino - 14 - Lucento, Vallette",139
313,T,Borgo Vittoria - Madonna di Campagna - Lucento - Vallette,"Torino - 14 - Lucento, Vallette",79
314,T,Borgo Vittoria - Madonna di Campagna - Lucento - Vallette,"Torino - 14 - Lucento, Vallette",49
315,T,Borgo Vittoria - Madonna di Campagna - Lucento - Vallette,"Torino - 14 - Lucento, Vallette",129
316,T,Borgo Vittoria - Madonna di Campagna - Lucento - Vallette,"Torino - 14 - Lucento, Vallette",129
317,T,Borgo Vittoria - Madonna di Campagna - Lucento - Vallette,"Torino - 14 - Lucento, Vallette",169
318,T,Borgo Vittoria - Madonna di Campagna - Lucento - Vallette,"Torino - 14 - Lucento, Vallette",47
319,T,Borgo Vittoria - Madonna di Campagna - Lucento - Vallette,"Torino - 14 - Lucento, Vallette",49
320,T,Borgo Vittoria - Madonna di Campagna - Lucento - Vallette,"Torino - 14 - Lucento, Vallette",169
321,T,Borgo Vittoria - Madonna di Campagna - Lucento - Vallette,"Torino - 14 - Lucento, Vallette",120
322,T,Borgo Vittoria - Madonna di Campagna - Lucento - Vallette,"Torino - 14 - Lucento, Vallette",55
323,T,Borgo Vittoria - Madonna di Campagna - Lucento - Vallette,"Torino - 14 - Lucento, Vallette",169
324,T,Centro - Crocetta,Torino -  1 - Centro,360
325,T,Centro - Crocetta,Torino -  1 - Centro,820
326,T,Centro - Crocetta,Torino -  1 - Centro,690
327,T,Centro - Crocetta,Torino -  1 - Centro,420
328,T,Centro - Crocetta,Torino -  1 - Centro,750
329,T,Centro - Crocetta,Torino -  1 - Centro,170
330,T,Centro - Crocetta,Torino -  1 - Centro,180
331,T,Centro - Crocetta,Torino -  1 - Centro,270
332,T,Centro - Crocetta,Torino -  1 - Centro,460
333,T,Centro - Crocetta,Torino -  1 - Centro,470
334,T,Centro - Crocetta,Torino -  1 - Centro,350
335,T,Centro - Crocetta,Torino -  1 - Centro,360
336,T,Centro - Crocetta,Torino -  1 - Centro,850
337,T,Centro - Crocetta,Torino -  1 - Centro,230
338,T,Centro - Crocetta,Torino -  1 - Centro,870
339,T,Centro - Crocetta,"Torino -  2 - Crocetta, San Secondo",115
340,T,Centro - Crocetta,"Torino -  2 - Crocetta, San Secondo",255
341,T,Centro - Crocetta,"Torino -  2 - Crocetta, San Secondo",700
342,T,Centro - Crocetta,"Torino -  2 - Crocetta, San Secondo",565
343,T,Centro - Crocetta,"Torino -  2 - Crocetta, San Secondo",349
344,T,Centro - Crocetta,"Torino -  2 - Crocetta, San Secondo",850
345,T,Centro - Crocetta,"Torino -  2 - Crocetta, San Secondo",340
346,T,Centro - Crocetta,"Torino -  2 - Crocetta, San Secondo",300
347,T,Centro - Crocetta,"Torino -  2 - Crocetta, San Secondo",119
348,T,Centro - Crocetta,"Torino -  2 - Crocetta, San Secondo",329
349,T,Centro - Crocetta,"Torino -  2 - Crocetta, San Secondo",265
350,T,Centro - Crocetta,"Torino -  2 - Crocetta, San Secondo",150
351,T,Centro - Crocetta,"Torino -  2 - Crocetta, San Secondo",185
352,T,Centro - Crocetta,"Torino -  2 - Crocetta, San Secondo",385
353,T,Centro - Crocetta,"Torino -  2 - Crocetta, San Secondo",430
354,T,San Donato - Campidoglio - Parella,"Torino - 15 - Parella, Pozzo Strada",260
355,T,San Donato - Campidoglio - Parella,"Torino - 15 - Parella, Pozzo Strada",119
356,T,San Donato - Campidoglio - Parella,"Torino - 15 - Parella, Pozzo Strada",410
357,T,San Donato - Campidoglio - Parella,"Torino - 15 - Parella, Pozzo Strada",290
358,T,San Donato - Campidoglio - Parella,"Torino - 15 - Parella, Pozzo Strada",119
359,T,San Donato - Campidoglio - Parella,"Torino - 15 - Parella, Pozzo Strada",350
360,T,San Donato - Campidoglio - Parella,"Torino - 15 - Parella, Pozzo Strada",179
361,T,San Donato - Campidoglio - Parella,"Torino - 15 - Parella, Pozzo Strada",139
362,T,San Donato - Campidoglio - Parella,"Torino - 15 - Parella, Pozzo Strada",299
363,T,San Donato - Campidoglio - Parella,"Torino - 15 - Parella, Pozzo Strada",179
364,T,San Donato - Campidoglio - Parella,"Torino - 15 - Parella, Pozzo Strada",259
365,T,San Donato - Campidoglio - Parella,"Torino - 15 - Parella, Pozzo Strada",149
366,T,San Donato - Campidoglio - Parella,"Torino - 15 - Parella, Pozzo Strada",93
367,T,San Donato - Campidoglio - Parella,"Torino - 15 - Parella, Pozzo Strada",134
368,T,San Donato - Campidoglio - Parella,"Torino - 15 - Parella, Pozzo Strada",144
369,T,San Paolo - Cenisia - Pozzo Strada - Cit Turin - Borgata Lesna,"Torino -  8 - Cenisia, San Paolo",199
370,T,San Paolo - Cenisia - Pozzo Strada - Cit Turin - Borgata Lesna,"Torino -  8 - Cenisia, San Paolo",259
371,T,San Paolo - Cenisia - Pozzo Strada - Cit Turin - Borgata Lesna,"Torino -  8 - Cenisia, San Paolo",265
372,T,San Paolo - Cenisia - Pozzo Strada - Cit Turin - Borgata Lesna,"Torino -  8 - Cenisia, San Paolo",170
373,T,San Paolo - Cenisia - Pozzo Strada - Cit Turin - Borgata Lesna,"Torino -  8 - Cenisia, San Paolo",301
374,T,San Paolo - Cenisia - Pozzo Strada - Cit Turin - Borgata Lesna,"Torino -  8 - Cenisia, San Paolo",250
375,T,San Paolo - Cenisia - Pozzo Strada - Cit Turin - Borgata Lesna,"Torino -  8 - Cenisia, San Paolo",125
376,T,San Paolo - Cenisia - Pozzo Strada - Cit Turin - Borgata Lesna,"Torino -  8 - Cenisia, San Paolo",135
377,T,San Paolo - Cenisia - Pozzo Strada - Cit Turin - Borgata Lesna,"Torino -  8 - Cenisia, San Paolo",56
378,T,San Paolo - Cenisia - Pozzo Strada - Cit Turin - Borgata Lesna,"Torino -  8 - Cenisia, San Paolo",69
379,T,San Paolo - Cenisia - Pozzo Strada - Cit Turin - Borgata Lesna,"Torino -  8 - Cenisia, San Paolo",74
380,T,San Paolo - Cenisia - Pozzo Strada - Cit Turin - Borgata Lesna,"Torino -  8 - Cenisia, San Paolo",440
381,T,San Paolo - Cenisia - Pozzo Strada - Cit Turin - Borgata Lesna,"Torino -  8 - Cenisia, San Paolo",275
382,T,San Paolo - Cenisia - Pozzo Strada - Cit Turin - Borgata Lesna,"Torino -  8 - Cenisia, San Paolo",218
383,T,San Paolo - Cenisia - Pozzo Strada - Cit Turin - Borgata Lesna,"Torino -  8 - Cenisia, San Paolo",191
384,T,San Paolo - Cenisia - Pozzo Strada - Cit Turin - Borgata Lesna,"Torino -  9 - Cit Turin, San Donato, Campidoglio",275
385,T,San Paolo - Cenisia - Pozzo Strada - Cit Turin - Borgata Lesna,"Torino -  9 - Cit Turin, San Donato, Campidoglio",225
386,T,San Paolo - Cenisia - Pozzo Strada - Cit Turin - Borgata Lesna,"Torino -  9 - Cit Turin, San Donato, Campidoglio",149
387,T,San Paolo - Cenisia - Pozzo Strada - Cit Turin - Borgata Lesna,"Torino -  9 - Cit Turin, San Donato, Campidoglio",359
388,T,San Paolo - Cenisia - Pozzo Strada - Cit Turin - Borgata Lesna,"Torino -  9 - Cit Turin, San Donato, Campidoglio",630
389,T,San Paolo - Cenisia - Pozzo Strada - Cit Turin - Borgata Lesna,"Torino -  9 - Cit Turin, San Donato, Campidoglio",55
390,T,San Paolo - Cenisia - Pozzo Strada - Cit Turin - Borgata Lesna,"Torino -  9 - Cit Turin, San Donato, Campidoglio",440
391,T,San Paolo - Cenisia - Pozzo Strada - Cit Turin - Borgata Lesna,"Torino -  9 - Cit Turin, San Donato, Campidoglio",79
392,T,San Paolo - Cenisia - Pozzo Strada - Cit Turin - Borgata Lesna,"Torino -  9 - Cit Turin, San Donato, Campidoglio",640
393,T,San Paolo - Cenisia - Pozzo Strada - Cit Turin - Borgata Lesna,"Torino -  9 - Cit Turin, San Donato, Campidoglio",74
394,T,San Paolo - Cenisia - Pozzo Strada - Cit Turin - Borgata Lesna,"Torino -  9 - Cit Turin, San Donato, Campidoglio",478
395,T,San Paolo - Cenisia - Pozzo Strada - Cit Turin - Borgata Lesna,"Torino -  9 - Cit Turin, San Donato, Campidoglio",18
396,T,San Paolo - Cenisia - Pozzo Strada - Cit Turin - Borgata Lesna,"Torino -  9 - Cit Turin, San Donato, Campidoglio",220
397,T,San Paolo - Cenisia - Pozzo Strada - Cit Turin - Borgata Lesna,"Torino -  9 - Cit Turin, San Donato, Campidoglio",540
398,T,San Paolo - Cenisia - Pozzo Strada - Cit Turin - Borgata Lesna,"Torino -  9 - Cit Turin, San Donato, Campidoglio",330
399,T,San Salvario - Cavoretto - Borgo Po - Nizza Millefonti - Lingotto - Filadelfia,Torino -  3 - San Salvario,476
400,T,San Salvario - Cavoretto - Borgo Po - Nizza Millefonti - Lingotto - Filadelfia,Torino -  3 - San Salvario,269
401,T,San Salvario - Cavoretto - Borgo Po - Nizza Millefonti - Lingotto - Filadelfia,Torino -  3 - San Salvario,179
402,T,San Salvario - Cavoretto - Borgo Po - Nizza Millefonti - Lingotto - Filadelfia,Torino -  3 - San Salvario,175
403,T,San Salvario - Cavoretto - Borgo Po - Nizza Millefonti - Lingotto - Filadelfia,Torino -  3 - San Salvario,179
404,T,San Salvario - Cavoretto - Borgo Po - Nizza Millefonti - Lingotto - Filadelfia,Torino -  3 - San Salvario,244
405,T,San Salvario - Cavoretto - Borgo Po - Nizza Millefonti - Lingotto - Filadelfia,Torino -  3 - San Salvario,109
406,T,San Salvario - Cavoretto - Borgo Po - Nizza Millefonti - Lingotto - Filadelfia,Torino -  3 - San Salvario,340
407,T,San Salvario - Cavoretto - Borgo Po - Nizza Millefonti - Lingotto - Filadelfia,Torino -  3 - San Salvario,145
408,T,San Salvario - Cavoretto - Borgo Po - Nizza Millefonti - Lingotto - Filadelfia,Torino -  3 - San Salvario,230
409,T,San Salvario - Cavoretto - Borgo Po - Nizza Millefonti - Lingotto - Filadelfia,Torino -  3 - San Salvario,340
410,T,San Salvario - Cavoretto - Borgo Po - Nizza Millefonti - Lingotto - Filadelfia,Torino -  3 - San Salvario,60
411,T,San Salvario - Cavoretto - Borgo Po - Nizza Millefonti - Lingotto - Filadelfia,Torino -  3 - San Salvario,139
412,T,San Salvario - Cavoretto - Borgo Po - Nizza Millefonti - Lingotto - Filadelfia,Torino -  3 - San Salvario,350
413,T,San Salvario - Cavoretto - Borgo Po - Nizza Millefonti - Lingotto - Filadelfia,Torino -  3 - San Salvario,55
414,T,San Salvario - Cavoretto - Borgo Po - Nizza Millefonti - Lingotto - Filadelfia,"Torino -  4 - Valentino, Italia 61, Nizza Millefonti",198
415,T,San Salvario - Cavoretto - Borgo Po - Nizza Millefonti - Lingotto - Filadelfia,"Torino -  4 - Valentino, Italia 61, Nizza Millefonti",246
416,T,San Salvario - Cavoretto - Borgo Po - Nizza Millefonti - Lingotto - Filadelfia,"Torino -  4 - Valentino, Italia 61, Nizza Millefonti",249
417,T,San Salvario - Cavoretto - Borgo Po - Nizza Millefonti - Lingotto - Filadelfia,"Torino -  4 - Valentino, Italia 61, Nizza Millefonti",298
418,T,San Salvario - Cavoretto - Borgo Po - Nizza Millefonti - Lingotto - Filadelfia,"Torino -  4 - Valentino, Italia 61, Nizza Millefonti",99
419,T,San Salvario - Cavoretto - Borgo Po - Nizza Millefonti - Lingotto - Filadelfia,"Torino -  4 - Valentino, Italia 61, Nizza Millefonti",168
420,T,San Salvario - Cavoretto - Borgo Po - Nizza Millefonti - Lingotto - Filadelfia,"Torino -  4 - Valentino, Italia 61, Nizza Millefonti",188
421,T,San Salvario - Cavoretto - Borgo Po - Nizza Millefonti - Lingotto - Filadelfia,"Torino -  4 - Valentino, Italia 61, Nizza Millefonti",180
422,T,San Salvario - Cavoretto - Borgo Po - Nizza Millefonti - Lingotto - Filadelfia,"Torino -  4 - Valentino, Italia 61, Nizza Millefonti",49
423,T,San Salvario - Cavoretto - Borgo Po - Nizza Millefonti - Lingotto - Filadelfia,"Torino -  4 - Valentino, Italia 61, Nizza Millefonti",299
424,T,San Salvario - Cavoretto - Borgo Po - Nizza Millefonti - Lingotto - Filadelfia,"Torino -  4 - Valentino, Italia 61, Nizza Millefonti",680
425,T,San Salvario - Cavoretto - Borgo Po - Nizza Millefonti - Lingotto - Filadelfia,"Torino -  4 - Valentino, Italia 61, Nizza Millefonti",430
426,T,San Salvario - Cavoretto - Borgo Po - Nizza Millefonti - Lingotto - Filadelfia,"Torino -  4 - Valentino, Italia 61, Nizza Millefonti",85
427,T,San Salvario - Cavoretto - Borgo Po - Nizza Millefonti - Lingotto - Filadelfia,"Torino -  4 - Valentino, Italia 61, Nizza Millefonti",70
428,T,San Salvario - Cavoretto - Borgo Po - Nizza Millefonti - Lingotto - Filadelfia,"Torino -  4 - Valentino, Italia 61, Nizza Millefonti",105
429,T,San Salvario - Cavoretto - Borgo Po - Nizza Millefonti - Lingotto - Filadelfia,Torino -  6 - Lingotto,139
430,T,San Salvario - Cavoretto - Borgo Po - Nizza Millefonti - Lingotto - Filadelfia,Torino -  6 - Lingotto,125
431,T,San Salvario - Cavoretto - Borgo Po - Nizza Millefonti - Lingotto - Filadelfia,Torino -  6 - Lingotto,84
432,T,San Salvario - Cavoretto - Borgo Po - Nizza Millefonti - Lingotto - Filadelfia,Torino -  6 - Lingotto,149
433,T,San Salvario - Cavoretto - Borgo Po - Nizza Millefonti - Lingotto - Filadelfia,Torino -  6 - Lingotto,74
434,T,San Salvario - Cavoretto - Borgo Po - Nizza Millefonti - Lingotto - Filadelfia,Torino -  6 - Lingotto,154
435,T,San Salvario - Cavoretto - Borgo Po - Nizza Millefonti - Lingotto - Filadelfia,Torino -  6 - Lingotto,75
436,T,San Salvario - Cavoretto - Borgo Po - Nizza Millefonti - Lingotto - Filadelfia,Torino -  6 - Lingotto,99
437,T,San Salvario - Cavoretto - Borgo Po - Nizza Millefonti - Lingotto - Filadelfia,Torino -  6 - Lingotto,125
438,T,San Salvario - Cavoretto - Borgo Po - Nizza Millefonti - Lingotto - Filadelfia,Torino -  6 - Lingotto,119
439,T,San Salvario - Cavoretto - Borgo Po - Nizza Millefonti - Lingotto - Filadelfia,Torino -  6 - Lingotto,154
440,T,San Salvario - Cavoretto - Borgo Po - Nizza Millefonti - Lingotto - Filadelfia,Torino -  6 - Lingotto,139
441,T,San Salvario - Cavoretto - Borgo Po - Nizza Millefonti - Lingotto - Filadelfia,Torino -  6 - Lingotto,225
442,T,San Salvario - Cavoretto - Borgo Po - Nizza Millefonti - Lingotto - Filadelfia,Torino -  6 - Lingotto,92
443,T,San Salvario - Cavoretto - Borgo Po - Nizza Millefonti - Lingotto - Filadelfia,Torino -  6 - Lingotto,208
444,T,Santa Rita - Mirafiori,Torino -  7 - Santa Rita,168
445,T,Santa Rita - Mirafiori,Torino -  7 - Santa Rita,159
446,T,Santa Rita - Mirafiori,Torino -  7 - Santa Rita,320
447,T,Santa Rita - Mirafiori,Torino -  7 - Santa Rita,79
448,T,Santa Rita - Mirafiori,Torino -  7 - Santa Rita,309
449,T,Santa Rita - Mirafiori,Torino -  7 - Santa Rita,129
450,T,Santa Rita - Mirafiori,Torino -  7 - Santa Rita,109
451,T,Santa Rita - Mirafiori,Torino -  7 - Santa Rita,168
452,T,Santa Rita - Mirafiori,Torino -  7 - Santa Rita,155
453,T,Santa Rita - Mirafiori,Torino -  7 - Santa Rita,115
454,T,Santa Rita - Mirafiori,Torino -  7 - Santa Rita,85
455,T,Santa Rita - Mirafiori,Torino -  7 - Santa Rita,75
456,T,Santa Rita - Mirafiori,Torino -  7 - Santa Rita,178
457,T,Santa Rita - Mirafiori,Torino -  7 - Santa Rita,99
458,T,Santa Rita - Mirafiori,Torino -  7 - Santa Rita,124
459,T,Santa Rita - Mirafiori,Torino - 16 - Mirafiori,197
460,T,Santa Rita - Mirafiori,Torino - 16 - Mirafiori,110
461,T,Santa Rita - Mirafiori,Torino - 16 - Mirafiori,205
462,T,Santa Rita - Mirafiori,Torino - 16 - Mirafiori,188
463,T,Santa Rita - Mirafiori,Torino - 16 - Mirafiori,138
464,T,Santa Rita - Mirafiori,Torino - 16 - Mirafiori,74
465,T,Santa Rita - Mirafiori,Torino - 16 - Mirafiori,138
466,T,Santa Rita - Mirafiori,Torino - 16 - Mirafiori,108.75
467,T,Santa Rita - Mirafiori,Torino - 16 - Mirafiori,135
468,T,Santa Rita - Mirafiori,Torino - 16 - Mirafiori,95
469,T,Santa Rita - Mirafiori,Torino - 16 - Mirafiori,205
470,T,Santa Rita - Mirafiori,Torino - 16 - Mirafiori,89
471,T,Santa Rita - Mirafiori,Torino - 16 - Mirafiori,116
472,T,Santa Rita - Mirafiori,Torino - 16 - Mirafiori,67
473,T,Santa Rita - Mirafiori,Torino - 16 - Mirafiori,119
474,V,CHIRIGNAGO - ZELARINO ( MESTRE OVEST),Venezia - 13 - Zelarino,125
475,V,CHIRIGNAGO - ZELARINO ( MESTRE OVEST),Venezia - 13 - Zelarino,125
476,V,CHIRIGNAGO - ZELARINO ( MESTRE OVEST),Venezia - 13 - Zelarino,98
477,V,CHIRIGNAGO - ZELARINO ( MESTRE OVEST),Venezia - 13 - Zelarino,205
478,V,CHIRIGNAGO - ZELARINO ( MESTRE OVEST),Venezia - 13 - Zelarino,95
479,V,CHIRIGNAGO - ZELARINO ( MESTRE OVEST),Venezia - 13 - Zelarino,155
480,V,CHIRIGNAGO - ZELARINO ( MESTRE OVEST),Venezia - 13 - Zelarino,240
481,V,CHIRIGNAGO - ZELARINO ( MESTRE OVEST),Venezia - 13 - Zelarino,235
482,V,CHIRIGNAGO - ZELARINO ( MESTRE OVEST),Venezia - 13 - Zelarino,175
484,V,CHIRIGNAGO - ZELARINO ( MESTRE OVEST),Venezia - 13 - Zelarino,115
485,V,CHIRIGNAGO - ZELARINO ( MESTRE OVEST),Venezia - 13 - Zelarino,89
486,V,CHIRIGNAGO - ZELARINO ( MESTRE OVEST),Venezia - 13 - Zelarino,83
487,V,CHIRIGNAGO - ZELARINO ( MESTRE OVEST),Venezia - 13 - Zelarino,145
488,V,CHIRIGNAGO - ZELARINO ( MESTRE OVEST),Venezia - 13 - Zelarino,74
489,V,CHIRIGNAGO - ZELARINO ( MESTRE OVEST),Venezia - 13 - Zelarino,125
490,V,CHIRIGNAGO - ZELARINO ( MESTRE OVEST),Venezia - 13 - Zelarino,125
491,V,CHIRIGNAGO - ZELARINO ( MESTRE OVEST),Venezia - 13 - Zelarino,98
492,V,CHIRIGNAGO - ZELARINO ( MESTRE OVEST),Venezia - 13 - Zelarino,205
493,V,CHIRIGNAGO - ZELARINO ( MESTRE OVEST),Venezia - 13 - Zelarino,95
494,V,CHIRIGNAGO - ZELARINO ( MESTRE OVEST),Venezia - 13 - Zelarino,155
495,V,CHIRIGNAGO - ZELARINO ( MESTRE OVEST),Venezia - 13 - Zelarino,240
496,V,CHIRIGNAGO - ZELARINO ( MESTRE OVEST),Venezia - 13 - Zelarino,235
497,V,CHIRIGNAGO - ZELARINO ( MESTRE OVEST),Venezia - 13 - Zelarino,175
499,V,CHIRIGNAGO - ZELARINO ( MESTRE OVEST),Venezia - 13 - Zelarino,115
500,V,CHIRIGNAGO - ZELARINO ( MESTRE OVEST),Venezia - 13 - Zelarino,89
501,V,CHIRIGNAGO - ZELARINO ( MESTRE OVEST),Venezia - 13 - Zelarino,83
502,V,CHIRIGNAGO - ZELARINO ( MESTRE OVEST),Venezia - 13 - Zelarino,145
503,V,CHIRIGNAGO - ZELARINO ( MESTRE OVEST),Venezia - 13 - Zelarino,74
504,V,FAVARO VENETO,Venezia - 14 - Favaro Veneto,156
505,V,FAVARO VENETO,Venezia - 14 - Favaro Veneto,245
506,V,FAVARO VENETO,Venezia - 14 - Favaro Veneto,80
507,V,FAVARO VENETO,Venezia - 14 - Favaro Veneto,85
508,V,FAVARO VENETO,Venezia - 14 - Favaro Veneto,198
509,V,FAVARO VENETO,Venezia - 14 - Favaro Veneto,192
510,V,FAVARO VENETO,Venezia - 14 - Favaro Veneto,159
511,V,FAVARO VENETO,Venezia - 14 - Favaro Veneto,255
512,V,FAVARO VENETO,Venezia - 14 - Favaro Veneto,160
513,V,FAVARO VENETO,Venezia - 14 - Favaro Veneto,205
514,V,FAVARO VENETO,Venezia - 14 - Favaro Veneto,145
515,V,FAVARO VENETO,Venezia - 14 - Favaro Veneto,195
516,V,FAVARO VENETO,Venezia - 14 - Favaro Veneto,142
517,V,FAVARO VENETO,Venezia - 14 - Favaro Veneto,240
518,V,FAVARO VENETO,Venezia - 14 - Favaro Veneto,119
519,V,FAVARO VENETO,Venezia - 14 - Favaro Veneto,156
520,V,FAVARO VENETO,Venezia - 14 - Favaro Veneto,245
521,V,FAVARO VENETO,Venezia - 14 - Favaro Veneto,80
522,V,FAVARO VENETO,Venezia - 14 - Favaro Veneto,85
523,V,FAVARO VENETO,Venezia - 14 - Favaro Veneto,198
524,V,FAVARO VENETO,Venezia - 14 - Favaro Veneto,192
525,V,FAVARO VENETO,Venezia - 14 - Favaro Veneto,159
526,V,FAVARO VENETO,Venezia - 14 - Favaro Veneto,255
527,V,FAVARO VENETO,Venezia - 14 - Favaro Veneto,160
528,V,FAVARO VENETO,Venezia - 14 - Favaro Veneto,205
529,V,FAVARO VENETO,Venezia - 14 - Favaro Veneto,145
530,V,FAVARO VENETO,Venezia - 14 - Favaro Veneto,195
531,V,FAVARO VENETO,Venezia - 14 - Favaro Veneto,142
532,V,FAVARO VENETO,Venezia - 14 - Favaro Veneto,240
533,V,FAVARO VENETO,Venezia - 14 - Favaro Veneto,119
534,V,LIDO - PELLESTRINA (VENEZIA LITORALE),Venezia -  8 - Lido,395
535,V,LIDO - PELLESTRINA (VENEZIA LITORALE),Venezia -  8 - Lido,205
536,V,LIDO - PELLESTRINA (VENEZIA LITORALE),Venezia -  8 - Lido,275
537,V,LIDO - PELLESTRINA (VENEZIA LITORALE),Venezia -  8 - Lido,475
538,V,LIDO - PELLESTRINA (VENEZIA LITORALE),Venezia -  8 - Lido,223
539,V,LIDO - PELLESTRINA (VENEZIA LITORALE),Venezia -  8 - Lido,295
540,V,LIDO - PELLESTRINA (VENEZIA LITORALE),Venezia -  8 - Lido,390
541,V,LIDO - PELLESTRINA (VENEZIA LITORALE),Venezia -  8 - Lido,310
542,V,LIDO - PELLESTRINA (VENEZIA LITORALE),Venezia -  8 - Lido,365
543,V,LIDO - PELLESTRINA (VENEZIA LITORALE),Venezia -  8 - Lido,500
544,V,LIDO - PELLESTRINA (VENEZIA LITORALE),Venezia -  8 - Lido,360
545,V,LIDO - PELLESTRINA (VENEZIA LITORALE),Venezia -  8 - Lido,900
546,V,LIDO - PELLESTRINA (VENEZIA LITORALE),Venezia -  8 - Lido,380
548,V,LIDO - PELLESTRINA (VENEZIA LITORALE),Venezia -  8 - Lido,264
549,V,LIDO - PELLESTRINA (VENEZIA LITORALE),Venezia -  8 - Lido,395
550,V,LIDO - PELLESTRINA (VENEZIA LITORALE),Venezia -  8 - Lido,205
551,V,LIDO - PELLESTRINA (VENEZIA LITORALE),Venezia -  8 - Lido,275
552,V,LIDO - PELLESTRINA (VENEZIA LITORALE),Venezia -  8 - Lido,475
553,V,LIDO - PELLESTRINA (VENEZIA LITORALE),Venezia -  8 - Lido,223
554,V,LIDO - PELLESTRINA (VENEZIA LITORALE),Venezia -  8 - Lido,295
555,V,LIDO - PELLESTRINA (VENEZIA LITORALE),Venezia -  8 - Lido,390
556,V,LIDO - PELLESTRINA (VENEZIA LITORALE),Venezia -  8 - Lido,310
557,V,LIDO - PELLESTRINA (VENEZIA LITORALE),Venezia -  8 - Lido,365
558,V,LIDO - PELLESTRINA (VENEZIA LITORALE),Venezia -  8 - Lido,500
559,V,LIDO - PELLESTRINA (VENEZIA LITORALE),Venezia -  8 - Lido,360
560,V,LIDO - PELLESTRINA (VENEZIA LITORALE),Venezia -  8 - Lido,900
561,V,LIDO - PELLESTRINA (VENEZIA LITORALE),Venezia -  8 - Lido,380
563,V,LIDO - PELLESTRINA (VENEZIA LITORALE),Venezia -  8 - Lido,264
564,V,MARGHERA,Venezia - 12 - Marghera,190
565,V,MARGHERA,Venezia - 12 - Marghera,149
566,V,MARGHERA,Venezia - 12 - Marghera,120
567,V,MARGHERA,Venezia - 12 - Marghera,140
568,V,MARGHERA,Venezia - 12 - Marghera,125
569,V,MARGHERA,Venezia - 12 - Marghera,70
570,V,MARGHERA,Venezia - 12 - Marghera,65
571,V,MARGHERA,Venezia - 12 - Marghera,185
572,V,MARGHERA,Venezia - 12 - Marghera,118
573,V,MARGHERA,Venezia - 12 - Marghera,145
574,V,MARGHERA,Venezia - 12 - Marghera,115
575,V,MARGHERA,Venezia - 12 - Marghera,149
576,V,MARGHERA,Venezia - 12 - Marghera,157
577,V,MARGHERA,Venezia - 12 - Marghera,96
578,V,MARGHERA,Venezia - 12 - Marghera,250
579,V,MARGHERA,Venezia - 12 - Marghera,190
580,V,MARGHERA,Venezia - 12 - Marghera,149
581,V,MARGHERA,Venezia - 12 - Marghera,120
582,V,MARGHERA,Venezia - 12 - Marghera,140
583,V,MARGHERA,Venezia - 12 - Marghera,125
584,V,MARGHERA,Venezia - 12 - Marghera,70
585,V,MARGHERA,Venezia - 12 - Marghera,65
586,V,MARGHERA,Venezia - 12 - Marghera,185
587,V,MARGHERA,Venezia - 12 - Marghera,118
588,V,MARGHERA,Venezia - 12 - Marghera,145
589,V,MARGHERA,Venezia - 12 - Marghera,115
590,V,MARGHERA,Venezia - 12 - Marghera,149
591,V,MARGHERA,Venezia - 12 - Marghera,157
592,V,MARGHERA,Venezia - 12 - Marghera,96
593,V,MARGHERA,Venezia - 12 - Marghera,250
594,V,MESTRE - CARPENEDO (MESTRE CENTRO),Venezia - 11 - Mestre,235
595,V,MESTRE - CARPENEDO (MESTRE CENTRO),Venezia - 11 - Mestre,130
596,V,MESTRE - CARPENEDO (MESTRE CENTRO),Venezia - 11 - Mestre,245
597,V,MESTRE - CARPENEDO (MESTRE CENTRO),Venezia - 11 - Mestre,185
598,V,MESTRE - CARPENEDO (MESTRE CENTRO),Venezia - 11 - Mestre,210
599,V,MESTRE - CARPENEDO (MESTRE CENTRO),Venezia - 11 - Mestre,135
600,V,MESTRE - CARPENEDO (MESTRE CENTRO),Venezia - 11 - Mestre,145
601,V,MESTRE - CARPENEDO (MESTRE CENTRO),Venezia - 11 - Mestre,155
602,V,MESTRE - CARPENEDO (MESTRE CENTRO),Venezia - 11 - Mestre,289
603,V,MESTRE - CARPENEDO (MESTRE CENTRO),Venezia - 11 - Mestre,123
604,V,MESTRE - CARPENEDO (MESTRE CENTRO),Venezia - 11 - Mestre,295
605,V,MESTRE - CARPENEDO (MESTRE CENTRO),Venezia - 11 - Mestre,140
606,V,MESTRE - CARPENEDO (MESTRE CENTRO),Venezia - 11 - Mestre,120
607,V,MESTRE - CARPENEDO (MESTRE CENTRO),Venezia - 11 - Mestre,122
608,V,MESTRE - CARPENEDO (MESTRE CENTRO),Venezia - 11 - Mestre,278
609,V,MESTRE - CARPENEDO (MESTRE CENTRO),Venezia - 11 - Mestre,235
610,V,MESTRE - CARPENEDO (MESTRE CENTRO),Venezia - 11 - Mestre,130
611,V,MESTRE - CARPENEDO (MESTRE CENTRO),Venezia - 11 - Mestre,245
612,V,MESTRE - CARPENEDO (MESTRE CENTRO),Venezia - 11 - Mestre,185
613,V,MESTRE - CARPENEDO (MESTRE CENTRO),Venezia - 11 - Mestre,210
614,V,MESTRE - CARPENEDO (MESTRE CENTRO),Venezia - 11 - Mestre,135
615,V,MESTRE - CARPENEDO (MESTRE CENTRO),Venezia - 11 - Mestre,145
616,V,MESTRE - CARPENEDO (MESTRE CENTRO),Venezia - 11 - Mestre,155
617,V,MESTRE - CARPENEDO (MESTRE CENTRO),Venezia - 11 - Mestre,289
618,V,MESTRE - CARPENEDO (MESTRE CENTRO),Venezia - 11 - Mestre,123
619,V,MESTRE - CARPENEDO (MESTRE CENTRO),Venezia - 11 - Mestre,295
620,V,MESTRE - CARPENEDO (MESTRE CENTRO),Venezia - 11 - Mestre,140
621,V,MESTRE - CARPENEDO (MESTRE CENTRO),Venezia - 11 - Mestre,120
622,V,MESTRE - CARPENEDO (MESTRE CENTRO),Venezia - 11 - Mestre,122
623,V,MESTRE - CARPENEDO (MESTRE CENTRO),Venezia - 11 - Mestre,278
624,V,VENEZIA - MURANO - BURANO (VENEZIA INSULARE),Venezia -  9 - Murano,295
625,V,VENEZIA - MURANO - BURANO (VENEZIA INSULARE),Venezia -  9 - Murano,280
626,V,VENEZIA - MURANO - BURANO (VENEZIA INSULARE),Venezia -  9 - Murano,189
627,V,VENEZIA - MURANO - BURANO (VENEZIA INSULARE),Venezia -  9 - Murano,260
628,V,VENEZIA - MURANO - BURANO (VENEZIA INSULARE),Venezia -  9 - Murano,320
629,V,VENEZIA - MURANO - BURANO (VENEZIA INSULARE),Venezia -  9 - Murano,330
630,V,VENEZIA - MURANO - BURANO (VENEZIA INSULARE),Venezia -  9 - Murano,450
631,V,VENEZIA - MURANO - BURANO (VENEZIA INSULARE),Venezia -  9 - Murano,260
632,V,VENEZIA - MURANO - BURANO (VENEZIA INSULARE),Venezia -  9 - Murano,280
633,V,VENEZIA - MURANO - BURANO (VENEZIA INSULARE),Venezia -  9 - Murano,340
634,V,VENEZIA - MURANO - BURANO (VENEZIA INSULARE),Venezia -  9 - Murano,350
635,V,VENEZIA - MURANO - BURANO (VENEZIA INSULARE),Venezia -  9 - Murano,340
636,V,VENEZIA - MURANO - BURANO (VENEZIA INSULARE),Venezia -  9 - Murano,270
637,V,VENEZIA - MURANO - BURANO (VENEZIA INSULARE),Venezia -  9 - Murano,350
638,V,VENEZIA - MURANO - BURANO (VENEZIA INSULARE),Venezia -  9 - Murano,340
639,V,VENEZIA - MURANO - BURANO (VENEZIA INSULARE),Venezia -  9 - Murano,295
640,V,VENEZIA - MURANO - BURANO (VENEZIA INSULARE),Venezia -  9 - Murano,280
641,V,VENEZIA - MURANO - BURANO (VENEZIA INSULARE),Venezia -  9 - Murano,189
642,V,VENEZIA - MURANO - BURANO (VENEZIA INSULARE),Venezia -  9 - Murano,260
643,V,VENEZIA - MURANO - BURANO (VENEZIA INSULARE),Venezia -  9 - Murano,320
644,V,VENEZIA - MURANO - BURANO (VENEZIA INSULARE),Venezia -  9 - Murano,330
645,V,VENEZIA - MURANO - BURANO (VENEZIA INSULARE),Venezia -  9 - Murano,450
646,V,VENEZIA - MURANO - BURANO (VENEZIA INSULARE),Venezia -  9 - Murano,260
647,V,VENEZIA - MURANO - BURANO (VENEZIA INSULARE),Venezia -  9 - Murano,280
648,V,VENEZIA - MURANO - BURANO (VENEZIA INSULARE),Venezia -  9 - Murano,340
649,V,VENEZIA - MURANO - BURANO (VENEZIA INSULARE),Venezia -  9 - Murano,350
650,V,VENEZIA - MURANO - BURANO (VENEZIA INSULARE),Venezia -  9 - Murano,340
651,V,VENEZIA - MURANO - BURANO (VENEZIA INSULARE),Venezia -  9 - Murano,270
652,V,VENEZIA - MURANO - BURANO (VENEZIA INSULARE),Venezia -  9 - Murano,350
653,V,VENEZIA - MURANO - BURANO (VENEZIA INSULARE),Venezia -  9 - Murano,340
654,V,VENEZIA - MURANO - BURANO (VENEZIA INSULARE),Venezia - 10 - Burano,150
655,V,VENEZIA - MURANO - BURANO (VENEZIA INSULARE),Venezia - 10 - Burano,150